Nome,Categoria,Tempo,Stagioni,Pianificazione,Freezer,Avanzi,Gradimento,Porzioni,Ingredienti,Link
Pasta al pesto,Pasta,Veloce (20-30),Tutto l'anno,nessuna,base,meglio-fatta,ci-piace,3 porzioni,Pasta (trofie o trenette): 240 g | Basilico: 40 g | Pinoli: 20 g | Parmigiano grattugiato: 30 g | Pecorino grattugiato: 20 g | Aglio: 1/2 spicchio | Olio EVO: circa 80 ml | Sale grosso: q.b.,https://www.eataly.net/it_it/magazine/ricette/pasta-al-pesto
Pasta tonno e limone,Pasta,Veloce (20-30),Tutto l'anno,nessuna,non-adatta,buona,ci-piace,3 porzioni,Pasta (linguine o spaghetti): 210 g | Tonno in scatola: circa 160 g | Limone (scorza e succo): 1 | Aglio: 1 spicchio | Olio EVO: q.b. | Prezzemolo: q.b. | Peperoncino: facoltativo | Sale: q.b.,https://www.cucchiaio.it/ricetta/pasta-tonno-limone/
Spaghetti con pomodorini,Pasta,Veloce (20-30),Estate,nessuna,non-adatta,meglio-fatta,ci-piace,3 porzioni,Spaghetti: 240 g | Pomodorini: 500 g | Aglio: 2 spicchi | Basilico: q.b. | Olio EVO: q.b. | Sale: q.b.,https://www.fattoincasadabenedetta.it/ricetta/spaghetti-con-pomodorini/
Pasta a cacio e pepe,Pasta,Veloce (20-30),Tutto l'anno,nessuna,non-adatta,meglio-fatta,ci-piace,3 porzioni,"Pasta (tonnarelli o spaghetti): 240 g | Pecorino romano grattugiato: 150 g | Pepe: q.b., abbondante",https://www.cookist.it/spaghetti-cacio-e-pepe-ricetta/
Ragù,Pasta,Lunga (45-90),Tutto l'anno,nessuna,congelabile,ottima,ci-piace,4 porzioni (base per più pasti),"Carne macinata di manzo: 400 g | Pancetta a cubetti: 150 g | Carota: 1 pezzo | Sedano: 1 pezzo | Cipolla: 1 pezzo | Vino bianco o rosso: 1 bicchiere | Passata di pomodoro: 200 g | Concentrato di pomodoro: 1 cucchiaio | Latte: facoltativo, 1 bicchiere | Brodo di carne o vegetale: q.b. | Olio EVO: q.b. | Sale: q.b. | Pepe: q.b.",https://www.tavolartegusto.it/ricetta/ragu-alla-bolognese-la-ricetta-originale-come-fare-il-ragu/
Pasta fredda,Pasta,Veloce (20-30),Estate,nessuna,non-adatta,buona,ci-piace,3 porzioni,"Pasta corta (fusilli o penne): 240 g | Tonno in scatola: 160 g | Pomodorini: 200 g | Mozzarella o bocconcini: 150 g | Olive: 50 g | Mais: facoltativo, 80 g | Basilico: q.b. | Olio EVO: q.b. | Sale: q.b. | Pepe: q.b.",https://www.cucchiaio.it/ricetta/pasta-fredda-estiva/
Risotto alla zucca,Riso,Normale (30-45),"Autunno, Inverno",nessuna,non-adatta,meglio-fatta,ci-piace,3 porzioni,"Riso Carnaroli: 240 g | Zucca: 400 g di polpa | Cipolla: 1/2 | Brodo vegetale: circa 700 ml | Vino bianco: facoltativo, mezzo bicchiere | Burro: 30 g | Parmigiano grattugiato: 50 g | Noce moscata: q.b. | Olio EVO: q.b. | Sale: q.b. | Pepe: q.b.",https://www.cucchiaio.it/ricetta/risotto-alla-zucca/
Risotto agli asparagi,Riso,Normale (30-45),Primavera,nessuna,non-adatta,meglio-fatta,ci-piace,3 porzioni,"Riso Carnaroli: 240 g | Asparagi: 1 mazzo | Cipolla: 1/2 | Brodo vegetale: circa 700 ml | Vino bianco: facoltativo, mezzo bicchiere | Burro: 20 g | Parmigiano grattugiato: 50 g | Olio EVO: q.b. | Sale: q.b. | Pepe: q.b.",https://www.fattoincasadabenedetta.it/ricetta/risotto-agli-asparagi/
Minestra,Pasta,Normale (30-45),"Autunno, Inverno",nessuna,meal-prep,buona,ci-piace,4 porzioni,"Cipolla: 1 | Carota: 2 | Sedano: 1 costa | Patate: 2 medie | Cavolfiore: 1/4 | Pomodori pelati: 200 g | Legumi misti già cotti (ceci, fagioli, lenticchie): 200 g | Brodo vegetale o acqua: 1,5 l | Olio EVO: q.b. | Sale: q.b. | Pepe: q.b. | Parmigiano grattugiato: q.b.",
Vellutata di zucca,Verdure,Normale (30-45),"Autunno, Inverno",nessuna,congelabile,ottima,ci-piace,3 porzioni,Zucca: 600 g di polpa | Patate: 150 g | Porro o cipolla: 1 | Brodo vegetale: circa 500 ml | Rosmarino: facoltativo | Olio EVO: q.b. | Sale: q.b. | Pepe: q.b.,https://www.cookist.it/vellutata-di-zucca-la-ricetta/
Bistecca,Carne,Express (≤20min),Tutto l'anno,nessuna,non-adatta,meglio-fatta,ci-piace,3 porzioni,Bistecche di manzo: 3 (circa 200 g l'una) | Olio EVO: q.b. | Sale: q.b. | Pepe: q.b.,https://www.agrodolce.it/ricette/bistecca-ai-ferri
Pollo alla senape,Carne,Veloce (20-30),Tutto l'anno,nessuna,meal-prep,buona,ci-piace,3 porzioni,Petto di pollo: 450 g (3 fette) | Farina: 1 cucchiaio | Senape di Digione: 2 cucchiai | Senape in grani: 1 cucchiaio | Miele: 1 cucchiaio | Panna da cucina: 100 ml | Olio EVO: q.b. | Sale: q.b. | Pepe: q.b.,https://www.cookist.it/pollo-alla-senape-ricetta/
Frittata con avanzi,Uova,Veloce (20-30),Tutto l'anno,nessuna,non-adatta,buona,ci-piace,3 porzioni,Pasta o riso avanzati: circa 300 g | Uova: 5 | Parmigiano grattugiato: 40 g | Olio EVO: q.b. | Sale: q.b. | Pepe: q.b.,https://risparmiare.mammafelice.it/cucina-degli-avanzi-la-frittata-di-pasta/
Pollo alla piastra,Carne,Veloce (20-30),Tutto l'anno,nessuna,non-adatta,buona,ci-piace,3 porzioni,"Petto di pollo: 450 g (3 fette) | Limone: 1 (succo e scorza) | Rosmarino: 1 rametto | Aglio: 1 spicchio, facoltativo | Olio EVO: 2 cucchiai | Sale: q.b. | Pepe: q.b.",https://www.cookist.it/pollo-alla-piastra-la-ricetta/
Pollo alla valdostana,Carne,Normale (30-45),Tutto l'anno,nessuna,non-adatta,meglio-fatta,ci-piace,3 porzioni,Petto di pollo: 500 g | Prosciutto cotto: 6 fette | Fontina: 150 g | Farina: q.b. | Olio EVO: q.b. | Sale: q.b. | Pepe: q.b.,https://www.cookist.it/pollo-alla-valdostana-la-ricetta/
Trancio di salmone al forno,Pesce,Veloce (20-30),Tutto l'anno,nessuna,non-adatta,meglio-fatta,ci-piace,3 porzioni,"Tranci di salmone: 3 (circa 180 g l'uno) | Limone: 1 | Prezzemolo: q.b. | Aglio: 1 spicchio, facoltativo | Olio EVO: q.b. | Sale: q.b. | Pepe: q.b.",https://www.fattoincasadabenedetta.it/ricetta/salmone-al-forno/
Polpette al sugo,Carne,Lunga (45-90),Tutto l'anno,nessuna,congelabile,ottima,ci-piace,3 porzioni,Carne macinata di manzo: 400 g | Pane raffermo: 50 g | Latte: q.b. per ammollare il pane | Uovo: 1 | Parmigiano grattugiato: 40 g | Prezzemolo: q.b. | Passata di pomodoro: 500 g | Cipolla o aglio: 1/2 cipolla o 1 spicchio d'aglio | Basilico: q.b. | Olio EVO: q.b. | Sale: q.b. | Pepe: q.b.,https://www.tavolartegusto.it/ricetta/polpette-al-sugo/
Polpette al forno,Carne,Lunga (45-90),Tutto l'anno,nessuna,base,meglio-fatta,ci-piace,3 porzioni,Carne macinata mista: 400 g | Pane raffermo: 50 g | Latte: q.b. per ammollare il pane | Uovo: 1 | Parmigiano grattugiato: 40 g | Prezzemolo: q.b. | Pangrattato: per la panatura | Olio EVO: q.b. | Sale: q.b. | Pepe: q.b.,https://www.agrodolce.it/ricette/polpette-al-forno
Saltimbocca alla romana,Carne,Veloce (20-30),Tutto l'anno,nessuna,non-adatta,meglio-fatta,ci-piace,3 porzioni,Fettine di vitello: 6 piccole | Prosciutto crudo a fette: 6 fette | Salvia: 6-12 foglie | Farina: q.b. | Burro: 40 g | Vino bianco: mezzo bicchiere | Sale: q.b.,https://www.tavolartegusto.it/ricetta/saltimbocca-alla-romana-ricetta-originale/
Scaloppine al limone,Carne,Veloce (20-30),Tutto l'anno,nessuna,non-adatta,meglio-fatta,ogni-tanto,3 porzioni,Fettine di vitello: 500 g | Farina: per infarinare | Limone: 1 | Burro: 30 g | Prezzemolo: q.b. | Olio EVO: q.b. | Sale: q.b. | Pepe: q.b.,https://www.cucchiaio.it/ricetta/scaloppine-al-limone/
Scaloppine ai funghi,Carne,Normale (30-45),Autunno,nessuna,non-adatta,buona,ogni-tanto,3 porzioni,"Fettine di vitello: 450 g | Funghi champignon: 300 g | Farina: 30 g | Burro: 30 g | Aglio: 1 spicchio | Vino bianco: mezzo bicchiere, facoltativo | Prezzemolo: q.b. | Olio EVO: q.b. | Sale: q.b. | Pepe: q.b.",https://www.cucchiaio.it/ricetta/scaloppine-ai-funghi/
Straccetti di manzo rucola e grana,Carne,Veloce (20-30),Tutto l'anno,nessuna,non-adatta,buona,ci-piace,3 porzioni,Straccetti di manzo: 450 g | Rucola: 80 g | Grana o parmigiano a scaglie: 60 g | Limone: succo di mezzo | Olio EVO: q.b. | Sale: q.b. | Pepe: q.b.,https://www.lacucinaimperfetta.com/straccetti-di-manzo-con-la-rucola/
Involtini di carne,Carne,Normale (30-45),Tutto l'anno,nessuna,meal-prep,buona,ci-piace,3 porzioni,Fettine di manzo: 6 | Prosciutto cotto: 6 fette | Provola a cubetti: 100 g | Pangrattato: 2 cucchiai | Parmigiano grattugiato: 2 cucchiai | Prezzemolo: q.b. | Aglio: 1 spicchio | Passata di pomodoro: 400 g | Cipolla: 1 | Vino bianco: mezzo bicchiere | Olio EVO: q.b. | Sale: q.b. | Pepe: q.b.,
Pollo alla cacciatora,Carne,Lunga (45-90),Tutto l'anno,nessuna,congelabile,ottima,ci-piace,3 porzioni,"Pollo a pezzi (cosce o petto): 700 g | Cipolla: 1 | Sedano: 1 gambo | Carota: 1 pezzo | Pomodori pelati: 400 g | Vino bianco: mezzo bicchiere | Rosmarino: q.b. | Olive nere: facoltative, 80 g | Olio EVO: q.b. | Sale: q.b. | Pepe: q.b.",https://www.fattoincasadabenedetta.it/ricetta/pollo-alla-cacciatora/
Pollo al forno con patate e rosmarino,Carne,Lunga (45-90),Tutto l'anno,nessuna,non-adatta,ottima,ci-piace,3 porzioni,Pollo a pezzi (cosce o sovracosce): 800 g | Patate: 600 g | Aglio: 2 spicchi | Rosmarino: abbondante | Olio EVO: q.b. | Sale: q.b. | Pepe: q.b.,https://www.agrodolce.it/ricette/pollo-al-forno-con-rosmarino-e-patate
Cotoletta alla milanese,Carne,Normale (30-45),Tutto l'anno,nessuna,non-adatta,meglio-fatta,ci-piace,3 porzioni,"Fettine di vitello (o lombata): 3 | Uova: 2 | Pangrattato: 150 g | Farina: facoltativa, q.b. | Burro: 80 g | Sale: q.b. | Limone: per servire",https://www.cucchiaio.it/ricetta/cotoletta-alla-milanese/
Salsiccia al forno con patate e peperoni,Carne,Lunga (45-90),"Estate, Autunno",nessuna,meal-prep,buona,ci-piace,3 porzioni,Salsiccia: 500 g | Patate: 500 g | Peperoni: 2 | Aglio: 1-2 spicchi | Rosmarino: qualche rametto | Olio EVO: q.b. | Sale: q.b. | Pepe: q.b.,https://www.misya.info/ricetta/salsicce-con-peperoni-e-patate.htm
Arista o arrosto di maiale al latte,Carne,Lunga (45-90),Tutto l'anno,nessuna,congelabile,ottima,ci-piace,4 porzioni,Arista o lonza di maiale: 800 g | Latte: 500 ml | Cipolla: 1 | Rosmarino: q.b. | Salvia: q.b. | Vino bianco: mezzo bicchiere | Olio EVO: q.b. | Sale: q.b. | Pepe: q.b.,https://www.cookist.it/arista-di-maiale-al-latte-ricetta/
Spezzatino di manzo con patate,Carne,Lunga (45-90),"Autunno, Inverno",nessuna,congelabile,ottima,ci-piace,3 porzioni,Polpa di manzo per spezzatino: 500 g | Patate: 500 g | Carota: 1 pezzo | Sedano: 1 pezzo | Cipolla: 1 pezzo | Passata di pomodoro: 200 g | Vino rosso: mezzo bicchiere | Farina: per infarinare | Brodo o acqua: q.b. | Olio EVO: q.b. | Sale: q.b. | Pepe: q.b.,https://www.cucchiaio.it/ricetta/spezzatino-con-patate/
Brasato al vino rosso,Carne,Progetto (>90),"Autunno, Inverno",marinatura,congelabile,ottima,ci-piace,4 porzioni,Manzo per brasato (muscolo o cappello del prete): 800 g | Vino rosso corposo: circa 750 ml | Carota: 1 pezzo | Sedano: 1 pezzo | Cipolla: 1 pezzo | Alloro: 1-2 foglie | Chiodi di garofano: 2 | Farina: per infarinare | Olio EVO: q.b. | Sale: q.b. | Pepe: q.b.,https://www.eataly.net/it_it/magazine/ricette/ricetta-originale-brasato
Uova al tegamino con pomodoro,Uova,Veloce (20-30),Tutto l'anno,nessuna,non-adatta,meglio-fatta,ci-piace,3 porzioni,"Uova: 6 | Passata di pomodoro (o pomodorini): 400 ml | Aglio (o mezza cipolla): 1 spicchio | Olio EVO: q.b. | Basilico: q.b. | Sale: q.b. | Pepe: q.b. | Zucchero: facoltativo, un pizzico",https://www.agrodolce.it/ricette/uova-al-tegame
Uova in purgatorio,Uova,Veloce (20-30),Tutto l'anno,nessuna,non-adatta,meglio-fatta,ci-piace,3 porzioni,Uova: 6 | Passata di pomodoro: 300 ml | Aglio: 1 spicchio | Basilico: q.b. | Olio EVO: q.b. | Sale: q.b. | Pepe: q.b. | Pane per servire: q.b.,https://www.dissapore.com/ricette/uova-in-purgatorio/
Frittata di zucchine e parmigiano,Uova,Veloce (20-30),Estate,nessuna,non-adatta,buona,ci-piace,3 porzioni,"Uova: 6 | Zucchine: 2 | Parmigiano grattugiato: 50 g | Cipolla: facoltativa, 1/2 | Prezzemolo: q.b. | Olio EVO: q.b. | Sale: q.b. | Pepe: q.b.",https://www.ricettealvolo.it/frittata-di-zucchine-ricetta-facile/
Frittata di patate,Uova,Normale (30-45),Tutto l'anno,nessuna,congelabile,buona,ci-piace,3 porzioni,"Uova: 6 | Patate: 3 medie | Cipolla: facoltativa, 1/2 | Parmigiano grattugiato: facoltativo, 40 g | Olio EVO: q.b. | Sale: q.b. | Pepe: q.b.",https://www.soniaperonaci.it/frittata-di-patate/
Parmigiana di melanzane,Verdure,Lunga (45-90),Estate,nessuna,congelabile,ottima,ci-piace,4 porzioni,Melanzane: 3 grandi | Passata di pomodoro: 500 g | Mozzarella: 300 g | Parmigiano grattugiato: 80 g | Cipolla: 1/2 | Basilico: q.b. | Olio EVO: q.b. | Olio per friggere: abbondante | Sale: q.b.,https://www.cucchiaio.it/ricetta/ricetta-parmigiana-melanzane/
Frittata al forno con verdure e formaggio,Uova,Normale (30-45),Tutto l'anno,nessuna,congelabile,buona,ci-piace,3 porzioni,"Uova: 6 | Verdure miste (zucchine, carote, spinaci): circa 400 g | Latte: 50 ml | Formaggio grattugiato: 50 g | Olio EVO: q.b. | Sale: q.b. | Pepe: q.b.",https://blog.giallozafferano.it/allacciateilgrembiule/frittata-al-forno/
Pasta e ceci,Legumi,Lunga (45-90),"Autunno, Inverno",ammollo,base,buona,ci-piace,3 porzioni,Ceci secchi: 150 g | Pasta piccola: 180–210 g | Passata di pomodoro: 200 g | Aglio: 1 spicchio | Rosmarino: 1 rametto | Olio EVO: q.b. | Sale: q.b. | Pepe: q.b. | Acqua o brodo: q.b.,
Pasta e fagioli,Legumi,Lunga (45-90),"Autunno, Inverno",ammollo,base,ottima,ci-piace,3 porzioni,"Fagioli borlotti o cannellini già cotti: 400 g | Pasta corta (ditalini o mista): 150 g | Passata di pomodoro o concentrato: 2 cucchiai di concentrato o 200 g passata | Cipolla: 1/2 | Sedano: facoltativo, 1 gambo | Carota: facoltativa, 1 pezzo | Rosmarino o alloro: q.b. | Brodo vegetale o acqua calda: circa 700 ml | Olio EVO: q.b. | Sale: q.b. | Pepe: q.b.",https://www.cookist.it/pasta-e-fagioli-ricetta/
Pasta e lenticchie,Legumi,Normale (30-45),"Autunno, Inverno",nessuna,base,ottima,ci-piace,3 porzioni,Lenticchie già cotte: 400 g | Pasta corta (ditalini o tubetti): 150 g | Cipolla: 1/2 | Sedano: 1 gambo | Carota: 1 pezzo | Passata di pomodoro o concentrato: 2 cucchiai o 200 g | Alloro: 1 foglia | Brodo vegetale o acqua: circa 700 ml | Olio EVO: q.b. | Sale: q.b. | Pepe: q.b.,https://www.tavolartegusto.it/ricetta/pasta-e-lenticchie/
Ceci in umido al pomodoro e rosmarino + pane,Legumi,Lunga (45-90),Tutto l'anno,ammollo,congelabile,ottima,ci-piace,3 porzioni,"Ceci già cotti: 500 g | Passata di pomodoro: 300 g | Cipolla: 1/2 | Aglio: 1 spicchio | Rosmarino: 1 rametto | Alloro: 1 foglia, facoltativo | Brodo vegetale o acqua: q.b. | Pane casereccio: per servire | Olio EVO: q.b. | Sale: q.b. | Pepe: q.b.",https://blog.giallozafferano.it/allacciateilgrembiule/ricetta-ceci-in-umido/
Lenticchie in umido + uovo/pane,Legumi,Normale (30-45),"Autunno, Inverno",nessuna,base,buona,ci-piace,3 porzioni,"Lenticchie già cotte: 500 g | Carota: 1 pezzo | Sedano: 1 pezzo | Cipolla: 1 pezzo | Passata di pomodoro: 200 g | Alloro: 1 foglia | Uova: 3 (una a testa, all'occhio di bue) | Pane casereccio: per servire | Olio EVO: q.b. | Sale: q.b. | Pepe: q.b.",https://blog.giallozafferano.it/annatorte/lenticchie-in-umido-con-uova-allocchio-di-bue/
Fagioli all'uccelletto + pane/salsiccia,Legumi,Lunga (45-90),"Autunno, Inverno",ammollo,congelabile,buona,ci-piace,3 porzioni,"Fagioli cannellini già cotti: 500 g | Aglio: 2 spicchi | Salvia: qualche foglia | Rosmarino: facoltativo, un rametto | Passata di pomodoro: 200 g | Salsiccia: facoltativa, 200 g | Pane casereccio: per servire | Olio EVO: q.b. | Sale: q.b. | Pepe: q.b.",https://www.cookist.it/fagioli-alluccelletto-la-ricetta/
Zuppa di legumi e cereali,Legumi,Lunga (45-90),"Autunno, Inverno",nessuna,congelabile,ottima,ci-piace,4 porzioni,"Legumi misti già cotti (ceci, fagioli, lenticchie): 400 g | Cereali misti (farro, orzo perlato): 150 g | Carota: 1 pezzo | Sedano: 1 pezzo | Cipolla: 1 pezzo | Pomodori o pelati: 200 g | Rosmarino: q.b. | Alloro: q.b. | Brodo vegetale o acqua: circa 1 litro | Olio EVO: q.b. | Sale: q.b. | Pepe: q.b.",https://www.ilclubdellericette.it/ricetta/zuppa-di-legumi-e-cereali
Farinata di ceci con verdure/formaggi,Legumi,Lunga (45-90),Tutto l'anno,prep-anticipata,congelabile,buona,ci-piace,3 porzioni,"Farina di ceci: 150 g | Acqua: 450 ml | Olio EVO: 5 cucchiai | Sale: q.b. | Verdure a piacere (zucchine, cipolla) o formaggio: facoltativi, circa 150 g | Rosmarino: facoltativo | Pepe: q.b.",https://www.tavolartegusto.it/ricetta/ricetta-farinata-di-ceci/
Salmone al cartoccio con limone ed erbe,Pesce,Normale (30-45),Tutto l'anno,nessuna,non-adatta,meglio-fatta,ci-piace,3 porzioni,"Filetti di salmone: 3 (circa 150 g l'uno) | Limone: 1 | Timo: q.b. | Rosmarino: q.b. | Prezzemolo: q.b. | Aglio: 1 spicchio, facoltativo | Olio EVO: q.b. | Sale: q.b. | Pepe: q.b.",https://www.cookist.it/salmone-al-cartoccio-la-ricetta/
Salmone con zucchine,Pesce,Veloce (20-30),Estate,nessuna,non-adatta,buona,ci-piace,3 porzioni,Filetti di salmone: 3 (circa 150 g l'uno) | Zucchine: 3 | Aglio: 1 spicchio | Olio EVO: q.b. | Sale: q.b. | Pepe: q.b. | Prezzemolo: facoltativo,https://www.agrodolce.it/ricette/salmone-e-zucchine-in-padella
Orata/branzino al forno con patate,Pesce,Lunga (45-90),Tutto l'anno,nessuna,non-adatta,meglio-fatta,ogni-tanto,3 porzioni,Orata o branzino (anche filetti): 2 (circa 400 g l'una) | Patate: 600 g | Limone: 1 | Aglio: 2 spicchi | Rosmarino: q.b. | Olio EVO: q.b. | Sale: q.b. | Pepe: q.b.,https://www.cucchiaio.it/ricetta/orata-forno-patate/
Polpette di tonno e patate,Pesce,Lunga (45-90),Tutto l'anno,nessuna,base,buona,ci-piace,3 porzioni,Patate: 3 medie | Tonno in scatola: 250 g | Uovo: 1 | Parmigiano grattugiato: 40 g | Prezzemolo: q.b. | Pangrattato: per la panatura | Olio per friggere: q.b. | Sale: q.b. | Pepe: q.b.,https://www.cucchiaio.it/ricetta/polpette-di-tonno-e-patate/
Filetti di merluzzo gratinati,Pesce,Normale (30-45),Tutto l'anno,nessuna,non-adatta,meglio-fatta,ci-piace,3 porzioni,Filetti di merluzzo: 3 (circa 150 g l'uno) | Pangrattato: 80 g | Prezzemolo: q.b. | Limone (scorza e succo): 1 | Aglio: 1 spicchio | Olio EVO: q.b. | Sale: q.b. | Pepe: q.b.,https://www.ilclubdellericette.it/ricetta/merluzzo-gratinato-al-forno
Pesce al forno alla mediterranea,Pesce,Normale (30-45),Estate,nessuna,non-adatta,meglio-fatta,ogni-tanto,3 porzioni,"Filetti di pesce bianco (orata, branzino o simili): 3 (circa 180 g l'uno) | Pomodorini: 200 g | Olive nere: 60 g | Capperi: 20 g | Aglio: 1 spicchio | Origano: q.b. | Prezzemolo: q.b. | Olio EVO: q.b. | Sale: q.b.",https://spadellandia.it/secondi/pesce/orata-al-forno-alla-mediterranea/
Zucchine ripiene,Verdure,Lunga (45-90),Estate,nessuna,congelabile,buona,ci-piace,3 porzioni,"Zucchine: 4-5 | Carne macinata: 300 g | Uovo: 1 | Parmigiano grattugiato: 40 g | Pane raffermo: 1 fetta | Pangrattato: q.b. | Prezzemolo: q.b. | Passata di pomodoro: facoltativa, 200 g | Olio EVO: q.b. | Sale: q.b. | Pepe: q.b.",https://www.cucchiaio.it/ricetta/zucchine-ripiene-di-carne/
Zucchine gratinate al forno,Verdure,Normale (30-45),Estate,nessuna,non-adatta,buona,ci-piace,3 porzioni,Zucchine: 5–6 | Pangrattato: 80 g | Parmigiano grattugiato: 40 g | Aglio: 1 spicchio | Prezzemolo: q.b. | Olio EVO: q.b. | Sale: q.b. | Pepe: q.b.,https://www.cucchiaio.it/ricetta/zucchine-gratinate-al-forno/
Peperonata,Verdure,Lunga (45-90),Estate,nessuna,congelabile,ottima,ci-piace,3 porzioni,"Peperoni misti (rossi e gialli): 3 | Cipolla: 1 | Pomodori pelati o passata: 300 g | Olio EVO: q.b. | Sale: q.b. | Pepe: q.b. | Basilico: q.b. | Zucchero: facoltativo, un cucchiaino per bilanciare l'acidità",https://ricette.giallozafferano.it/Peperonata.html
Peperoni ripieni,Verdure,Lunga (45-90),Estate,nessuna,congelabile,ottima,ci-piace,3 porzioni,Peperoni: 3 | Carne macinata mista: 350 g | Uovo: 1 | Parmigiano grattugiato: 40 g | Pangrattato: 40 g | Prezzemolo: q.b. | Olio EVO: q.b. | Sale: q.b. | Pepe: q.b.,https://www.cucchiaio.it/ricetta/peperoni-ripieni/
Asparagi al forno con uovo e parmigiano,Verdure,Normale (30-45),Primavera,nessuna,non-adatta,buona,ci-piace,3 porzioni,Asparagi: 500 g | Uova: 4 | Parmigiano grattugiato: 50 g | Burro: 30 g | Sale: q.b. | Pepe: q.b.,
Melanzane ripiene,Verdure,Lunga (45-90),Estate,nessuna,congelabile,buona,ci-piace,3 porzioni,"Melanzane: 3 | Passata di pomodoro: 250 g | Mozzarella: 150 g | Aglio: 1 spicchio | Basilico: q.b. | Olive nere: facoltative, 50 g | Olio EVO: q.b. | Sale: q.b.",https://www.tavolartegusto.it/ricetta/ricetta-melanzane-ripiene/
Verdure miste al forno con patate,Verdure,Lunga (45-90),Tutto l'anno,nessuna,congelabile,ottima,ci-piace,3 porzioni,Patate: 3 medie | Zucchine: 2 | Peperoni: 1-2 | Melanzane: 1 | Cipolla rossa: 1 | Rosmarino: q.b. | Olio EVO: q.b. | Sale: q.b. | Pepe: q.b.,https://www.tavolartegusto.it/ricetta/verdure-al-forno/
Cavolfiore gratinato,Verdure,Lunga (45-90),"Autunno, Inverno",nessuna,meal-prep,buona,ci-piace,3 porzioni,Cavolfiore: 1 (circa 800 g-1 kg) | Burro: 30 g | Farina: 30 g | Latte: 400 ml | Parmigiano grattugiato: 60 g | Pangrattato: 2 cucchiai | Noce moscata: q.b. | Sale: q.b. | Pepe: q.b.,https://www.cucchiaio.it/ricetta/cavolfiore-gratinato/
Amatriciana,Pasta,Veloce (20-30),Tutto l'anno,nessuna,non-adatta,buona,ci-piace,3 porzioni,Spaghetti o bucatini: 210 g | Guanciale: 100 g | Pomodori pelati o passata rustica: 300 g | Pecorino romano: 55–60 g | Peperoncino: facoltativo,
Gricia,Pasta,Veloce (20-30),Tutto l'anno,nessuna,non-adatta,meglio-fatta,ci-piace,3 porzioni,Rigatoni o spaghetti: 240 g | Guanciale: 150 g | Pecorino romano grattugiato: 100 g | Pepe: q.b.,https://www.soniaperonaci.it/pasta-alla-gricia/
Carbonara,Pasta,Veloce (20-30),Tutto l'anno,nessuna,non-adatta,meglio-fatta,ci-piace,3 porzioni,Spaghetti: 210 g | Guanciale: 100 g | Tuorli: 3 | Uovo: 1 | Pecorino romano: 70 g | Pepe: q.b.,
Puttanesca,Pasta,Veloce (20-30),Tutto l'anno,nessuna,base,buona,ci-piace,3 porzioni,Spaghetti: 240 g | Pomodori pelati o pomodorini freschi: 400 g | Olive nere di Gaeta: 80 g | Capperi: 30 g | Acciughe sott'olio: 3-4 filetti | Aglio: 2 spicchi | Peperoncino: facoltativo | Prezzemolo: q.b. | Olio EVO: q.b.,https://www.cucchiaio.it/ricetta/pasta-alla-puttanesca/
Pasta con crema di zucchine e parmigiano,Pasta,Veloce (20-30),Estate,nessuna,base,ottima,ci-piace,3 porzioni,Pasta: 210 g | Zucchine: 3 | Scalogno piccolo: 1 | Parmigiano grattugiato: 55–60 g | Olio EVO: q.b. | Sale: q.b. | Pepe: q.b. | Basilico o menta: facoltativi,
Pasta al forno,Pasta,Lunga (45-90),Tutto l'anno,nessuna,congelabile,ottima,ci-piace,4 porzioni,"Pasta corta (rigatoni o mezze maniche): 350 g | Carne macinata mista: 300 g | Carota: 1 pezzo | Sedano: 1 pezzo | Cipolla: 1 pezzo | Passata di pomodoro: 400 g | Vino rosso: facoltativo, mezzo bicchiere | Besciamella: circa 400 ml | Mozzarella: 200 g | Parmigiano grattugiato: 60 g | Olio EVO: q.b. | Sale: q.b. | Pepe: q.b.",https://www.cookaround.com/ricetta/pasta-al-forno.html
Cannelloni ricotta e spinaci,Pasta,Lunga (45-90),Tutto l'anno,nessuna,congelabile,buona,ci-piace,4 porzioni,Cannelloni (secchi o sfoglie di pasta fresca): 16-18 | Spinaci: 500 g | Ricotta: 300 g | Uovo: 1 | Parmigiano grattugiato: 60 g | Besciamella: circa 400 ml | Noce moscata: q.b. | Olio EVO o burro: q.b. | Sale: q.b. | Pepe: q.b.,https://www.fattoincasadabenedetta.it/ricetta/cannelloni-ricotta-spinaci/
Gnocchi alla romana,Riso,Lunga (45-90),"Autunno, Inverno",nessuna,base,buona,ci-piace,3 porzioni,Semolino: 150 g | Latte: 600 ml | Burro: 60 g | Parmigiano grattugiato: 70 g | Tuorli: 2 | Noce moscata: q.b. | Sale: q.b.,https://www.tavolartegusto.it/ricetta/ricetta-gnocchi-alla-romana/
Pollo al limone e rosmarino,Carne,Veloce (20-30),Tutto l'anno,nessuna,meal-prep,buona,ci-piace,3 porzioni,"Sovracosce di pollo (o petto): 500–600 g | Limone: 1 | Rosmarino: 1-2 rametti | Vino bianco: facoltativo, per sfumare | Olio EVO: q.b. | Sale: q.b. | Pepe: q.b.",https://blog.giallozafferano.it/lericettediziasimona/pollo-al-limone-e-rosmarino-in-padella/
Pollo con peperoni,Carne,Lunga (45-90),Estate,nessuna,meal-prep,buona,ci-piace,3 porzioni,Pollo a pezzi (cosce o petto): 600 g | Peperoni: 2 | Cipolla: 1 | Aglio: 1 spicchio | Passata di pomodoro: 200 g | Vino bianco: mezzo bicchiere | Rosmarino: q.b. | Olio EVO: q.b. | Sale: q.b. | Pepe: q.b.,
Pollo al forno con senape e miele,Carne,Lunga (45-90),Tutto l'anno,marinatura,non-adatta,buona,ci-piace,3 porzioni,Cosce o sovracosce di pollo: 6 | Senape: 3 cucchiai | Miele: 3 cucchiai | Limone: 1 | Aglio: 1-2 spicchi | Rosmarino: q.b. | Olio EVO: q.b. | Sale: q.b. | Pepe: q.b.,https://www.dissapore.com/ricette/petti-di-pollo-alla-senape-miele/
Straccetti di manzo ai funghi,Carne,Veloce (20-30),Autunno,nessuna,non-adatta,buona,ogni-tanto,3 porzioni,Fesa di manzo a straccetti: 350 g | Funghi champignon: 250 g | Aglio: 1 spicchio | Farina: q.b. | Vino bianco: mezzo bicchiere | Prezzemolo: q.b. | Olio EVO: q.b. | Sale: q.b. | Pepe: q.b.,
Straccetti di manzo al balsamico,Carne,Veloce (20-30),Tutto l'anno,nessuna,non-adatta,meglio-fatta,ci-piace,3 porzioni,Straccetti di manzo: 400 g | Farina: 40 g | Aceto balsamico: 2-3 cucchiai | Rucola: un mazzetto | Parmigiano a scaglie: 40 g | Olio EVO: q.b. | Sale: q.b. | Pepe: q.b.,https://www.saporie.com/ricette-degli-chef/secondi-piatti/straccetti-di-manzo-allaceto-balsamico-con-rucola-e-parmigiano-reggiano-dop
"Tagliata di manzo con rucola, grana e pomodorini",Carne,Veloce (20-30),Estate,nessuna,non-adatta,meglio-fatta,ci-piace,3 porzioni,Controfiletto o scamone in un unico pezzo: 500 g | Rucola: 1 mazzetto | Pomodorini: 200 g | Grana o parmigiano a scaglie: 50 g | Olio EVO: q.b. | Aceto balsamico: facoltativo | Sale grosso: q.b.,
Hamburger fatti in casa,Carne,Normale (30-45),Tutto l'anno,nessuna,base,meglio-fatta,ci-piace,3 porzioni,Carne macinata di manzo: 450 g | Sale: q.b. | Pepe: q.b. | Prezzemolo: q.b. | Panini per hamburger: 3 | Formaggio grattugiato: a piacere | Insalata: a piacere | Pomodoro: a piacere,https://www.tavolartegusto.it/ricetta/hamburger-ricetta/
Polpette in bianco,Carne,Lunga (45-90),Tutto l'anno,nessuna,meal-prep,buona,ogni-tanto,3 porzioni,Carne macinata di manzo: 400 g | Pangrattato: 40 g | Parmigiano grattugiato: 30 g | Uova: 1 | Prezzemolo: q.b. | Aglio: 1 spicchio | Vino bianco: mezzo bicchiere | Farina: q.b. | Olio EVO: q.b. | Sale: q.b. | Pepe: q.b.,
Polpette alla pizzaiola,Carne,Lunga (45-90),Tutto l'anno,nessuna,meal-prep,buona,ci-piace,3 porzioni,Carne macinata di manzo: 350 g | Pane raffermo: 2 fette | Uova: 1 | Parmigiano grattugiato: 2 cucchiai | Pecorino grattugiato: 2 cucchiai | Prezzemolo: q.b. | Passata di pomodoro: 400 g | Aglio: 1 spicchio | Origano: q.b. | Basilico: q.b. | Mozzarella o provola: 150 g | Olio EVO: q.b. | Sale: q.b. | Pepe: q.b.,
Involtini alla siciliana,Carne,Lunga (45-90),Tutto l'anno,nessuna,meal-prep,buona,ci-piace,3 porzioni,Fettine di vitello: 6 | Pane raffermo: 100 g | Caciocavallo grattugiato: 60 g | Uvetta: 30 g | Pinoli: 20 g | Prezzemolo: q.b. | Cipolla: 1 | Alloro: q.b. | Olio EVO: q.b. | Sale: q.b. | Pepe: q.b.,
Salsiccia e friarielli,Carne,Normale (30-45),"Autunno, Inverno",nessuna,meal-prep,buona,ci-piace,3 porzioni,Friarielli (cime di rapa napoletane): 500 g | Salsiccia di maiale: 400 g | Aglio: 2 spicchi | Peperoncino fresco: facoltativo | Vino bianco: mezzo bicchiere | Olio EVO: q.b. | Sale: q.b.,
Salsiccia al sugo + polenta/pane,Carne,Lunga (45-90),"Autunno, Inverno",nessuna,meal-prep,buona,ci-piace,3 porzioni,Salsiccia: 400 g | Carota: 1 | Sedano: 1 costa | Cipolla: 1 | Passata di pomodoro: 400 g | Vino bianco: mezzo bicchiere | Alloro: q.b. | Farina di mais per polenta: 250 g | Pane: q.b. | Olio EVO: q.b. | Sale: q.b. | Pepe: q.b.,
Maiale in agrodolce con mele/cipolle,Carne,Lunga (45-90),"Autunno, Inverno",nessuna,meal-prep,buona,ci-piace,3 porzioni,Spezzatino di maiale: 600 g | Mele: 2 | Cipolla: 1 | Aceto di vino bianco: 2 cucchiai | Rosmarino: q.b. | Farina: 1 cucchiaio | Olio EVO: q.b. | Sale: q.b. | Pepe: q.b.,
Lonza di maiale al forno con mele e rosmarino,Carne,Lunga (45-90),"Autunno, Inverno",nessuna,meal-prep,buona,ci-piace,3 porzioni,Lonza di maiale: 800 g | Mele: 2 | Rosmarino: q.b. | Salvia: q.b. | Vino bianco: mezzo bicchiere | Burro: 20 g | Olio EVO: q.b. | Sale: q.b. | Pepe: q.b.,
Costine al forno,Carne,Lunga (45-90),"Autunno, Inverno",nessuna,meal-prep,buona,ci-piace,3 porzioni,Costine di maiale: 1 kg | Aglio: 2 spicchi | Rosmarino: q.b. | Senape: 1 cucchiaio | Vino bianco: mezzo bicchiere | Olio EVO: q.b. | Sale: q.b. | Pepe: q.b.,
Ossobuco alla milanese + risotto allo zafferano,Carne,Progetto (>90),"Autunno, Inverno",prep-anticipata,base,buona,ogni-tanto,3 porzioni,Ossibuchi di vitello: 3 | Farina: per infarinare | Cipolla: 1 | Vino bianco: mezzo bicchiere | Brodo di carne: circa 500 ml | Prezzemolo: q.b. | Aglio: q.b. | Scorza di limone: q.b. | Riso Carnaroli: 240 g | Zafferano: 1 bustina | Burro: 50 g | Parmigiano grattugiato: 50 g | Brodo vegetale: circa 700 ml | Olio EVO: q.b. | Sale: q.b. | Pepe: q.b.,https://www.cortilia.it/ricette/autunno/ossobuco-e-risotto-alla-milanese
Gateau di patate,Forno,Lunga (45-90),Tutto l'anno,nessuna,base,buona,ci-piace,4 porzioni,Patate: 1 kg | Uova: 2 | Latte: 100 ml | Burro: 40 g | Parmigiano grattugiato: 60 g | Prosciutto cotto: 120 g | Mozzarella o provola: 200 g | Pangrattato: per la teglia | Noce moscata: q.b. | Sale: q.b. | Pepe: q.b.,https://www.dissapore.com/ricette/gateau-di-patate-napoletano/
Torta salata patate e speck,Forno,Lunga (45-90),Tutto l'anno,nessuna,base,buona,ci-piace,4 porzioni,Pasta sfoglia: 1 rotolo | Patate: 3 medie | Speck: 120 g | Scamorza o provola: 150 g | Parmigiano grattugiato: 40 g | Rosmarino: facoltativo | Olio EVO: q.b. | Sale: q.b. | Pepe: q.b.,https://www.cookist.it/torta-salata-patate-e-speck/
Torta salata ricotta e spinaci,Forno,Lunga (45-90),Tutto l'anno,nessuna,base,buona,ci-piace,4 porzioni,Pasta sfoglia: 1 rotolo | Ricotta: 250 g | Spinaci: 300 g | Uova: 2 | Parmigiano grattugiato: 50 g | Noce moscata: facoltativa | Sale: q.b. | Pepe: q.b.,https://www.cookist.it/la-ricetta-torta-salata-ricotta-e-spinaci/
Sformato di verdure e formaggio,Forno,Lunga (45-90),Tutto l'anno,nessuna,congelabile,buona,ci-piace,3 porzioni,"Verdure miste (zucchine, carote, spinaci): circa 500 g | Uova: 4 | Latte: 100 ml | Formaggio grattugiato: 60 g | Formaggio filante a cubetti: 100 g | Olio EVO: q.b. | Sale: q.b. | Pepe: q.b.",https://www.finedininglovers.it/esplora/ricette/frittata-al-forno-con-verdure
Polpettone ripieno,Carne,Lunga (45-90),Tutto l'anno,nessuna,meal-prep,buona,ci-piace,3 porzioni,Carne macinata mista: 500 g | Pane raffermo: 100 g | Latte: 100 ml | Uova: 1 | Parmigiano grattugiato: 40 g | Prosciutto cotto: 80 g | Uova sode: 2 | Scamorza o provola: 100 g | Prezzemolo: q.b. | Olio EVO: q.b. | Sale: q.b. | Pepe: q.b.,
Polpettone al sugo,Carne,Lunga (45-90),Tutto l'anno,nessuna,congelabile,ottima,ci-piace,4 porzioni,Carne macinata mista: 600 g | Uova: 2 | Parmigiano grattugiato: 50 g | Pangrattato: 50 g | Mozzarella o provola (facoltativa): 100 g | Passata di pomodoro: 500 g | Cipolla: 1/2 | Basilico: q.b. | Olio EVO: q.b. | Sale: q.b. | Pepe: q.b.,https://www.tavolartegusto.it/ricetta/polpettone-al-sugo-ricetta/
Patate ripiene al forno,Forno,Lunga (45-90),Tutto l'anno,nessuna,meal-prep,buona,ci-piace,3 porzioni,Patate: 4 grandi | Prosciutto cotto: 80 g | Scamorza o provola: 100 g | Parmigiano grattugiato: 30 g | Olio EVO: q.b. | Sale: q.b. | Pepe: q.b.,
Patate alla pizzaiola,Verdure,Normale (30-45),Tutto l'anno,nessuna,meal-prep,buona,ci-piace,3 porzioni,Patate: 4 grandi | Passata di pomodoro: 300 g | Aglio: 1 spicchio | Origano: q.b. | Mozzarella o provola: 150 g | Olio EVO: q.b. | Sale: q.b. | Peperoncino: q.b.,
Uova al forno con patate e mozzarella,Forno,Lunga (45-90),Tutto l'anno,nessuna,meal-prep,buona,ci-piace,3 porzioni,Patate: 3 medie | Uova: 4 | Mozzarella: 150 g | Parmigiano grattugiato: 30 g | Prezzemolo: q.b. | Olio EVO: q.b. | Sale: q.b. | Pepe: q.b.,
Pizzaiola,Carne,Normale (30-45),Tutto l'anno,nessuna,non-adatta,buona,ci-piace,3 porzioni,Fettine di manzo: 6 | Pomodorini: 400 g | Aglio: 2 spicchi | Origano: q.b. | Olio EVO: q.b. | Sale: q.b.,
Melanzane alla pizzaiola,Verdure,Normale (30-45),Estate,nessuna,non-adatta,buona,ci-piace,3 porzioni,Melanzane: 2 grandi | Passata di pomodoro: 300 g | Mozzarella: 150 g | Aglio: 1 spicchio | Origano: q.b. | Basilico: q.b. | Olio EVO: q.b. | Sale: q.b. | Pepe: q.b.,https://www.cookist.it/melanzane-alla-pizzaiola-ricetta/
Melanzane ripiene alla calabrese,Verdure,Lunga (45-90),Estate,nessuna,meal-prep,buona,ci-piace,3 porzioni,Melanzane: 3 | Pane raffermo: 100 g | Salsiccia: 200 g | Uova sode: 2 | Pecorino grattugiato: 60 g | Passata di pomodoro: 300 g | Cipolla: 1 | Aglio: 1 spicchio | Basilico: q.b. | Olio EVO: q.b. | Sale: q.b. | Pepe: q.b.,
Zucchine alla scapece,Verdure,Normale (30-45),Estate,prep-anticipata,non-adatta,buona,ci-piace,3 porzioni,Zucchine: 600 g | Aglio: 2 spicchi | Aceto di vino bianco: 4 cucchiai | Menta fresca: q.b. | Olio EVO: q.b. | Olio per friggere: q.b. | Sale: q.b.,
Zucchine ripiene di ricotta e parmigiano,Verdure,Lunga (45-90),Estate,nessuna,meal-prep,buona,ci-piace,3 porzioni,Zucchine: 4 medie | Ricotta: 150 g | Parmigiano grattugiato: 100 g | Pangrattato: 50 g | Prezzemolo: q.b. | Uova: 1 | Olio EVO: q.b. | Sale: q.b. | Pepe: q.b.,
"Peperoni gratinati con pangrattato, olive e capperi",Verdure,Normale (30-45),Estate,nessuna,meal-prep,buona,ci-piace,3 porzioni,Peperoni: 3 | Pangrattato: 80 g | Parmigiano grattugiato: 30 g | Olive nere: 40 g | Capperi: 1 cucchiaio | Prezzemolo: q.b. | Aglio: 1 spicchio | Olio EVO: q.b. | Sale: q.b.,
Peperoni con mollica e acciughe,Verdure,Normale (30-45),Estate,nessuna,meal-prep,buona,ogni-tanto,3 porzioni,Peperoni: 3 | Pane raffermo: 100 g | Acciughe sott'olio: 4 filetti | Capperi: 1 cucchiaio | Aglio: 1 spicchio | Prezzemolo: q.b. | Parmigiano grattugiato: 2 cucchiai | Olio EVO: q.b.,
Caponata siciliana,Verdure,Lunga (45-90),Estate,prep-anticipata,congelabile,ottima,ci-piace,4 porzioni,Melanzane: 2 grandi | Sedano: 2 coste | Cipolla: 1 | Pomodori maturi o pelati: 300 g | Olive verdi: 80 g | Capperi: 30 g | Aceto di vino bianco: 2 cucchiai | Zucchero: 1 cucchiaio | Basilico: q.b. | Olio per friggere: abbondante | Sale: q.b.,https://www.tavolartegusto.it/ricetta/caponata-siciliana/
Ratatouille,Verdure,Lunga (45-90),Estate,nessuna,meal-prep,buona,ci-piace,4 porzioni,Melanzane: 1 grande | Zucchine: 2 | Peperoni: 2 | Pomodori maturi: 4 | Cipolla: 1 | Aglio: 1 spicchio | Timo: q.b. | Olio EVO: q.b. | Sale: q.b. | Pepe: q.b.,
Patate e peperoni in padella,Verdure,Normale (30-45),Estate,nessuna,meal-prep,buona,ci-piace,3 porzioni,Patate: 4 medie | Peperoni: 2 | Cipolla: 1 | Olio EVO: q.b. | Sale: q.b. | Pepe: q.b. | Origano: q.b.,
Patate al forno schiacciate con rosmarino e parmigiano,Verdure,Lunga (45-90),Tutto l'anno,nessuna,meal-prep,buona,ci-piace,3 porzioni,Patate: 800 g piccole | Rosmarino: q.b. | Aglio: 2 spicchi | Parmigiano grattugiato: 50 g | Olio EVO: q.b. | Sale: q.b. | Pepe: q.b.,
Carciofi alla romana,Verdure,Normale (30-45),"Inverno, Primavera",prep-anticipata,non-adatta,buona,ogni-tanto,3 porzioni,Carciofi grandi (mammole): 4 | Aglio: 2 spicchi | Prezzemolo: abbondante | Mentuccia (o menta): q.b. | Limone: 1 | Olio EVO: abbondante | Sale: q.b. | Pepe: q.b.,https://www.fattoincasadabenedetta.it/ricetta/carciofi-alla-romana/
Carciofi ripieni,Verdure,Lunga (45-90),"Inverno, Primavera",prep-anticipata,meal-prep,buona,ogni-tanto,3 porzioni,Carciofi grandi (mammole): 3 | Pane raffermo: 100 g | Pecorino grattugiato: 50 g | Aglio: 1 spicchio | Prezzemolo: q.b. | Limone: 1 | Olio EVO: q.b. | Sale: q.b. | Pepe: q.b.,
Fagiolini al pomodoro,Verdure,Normale (30-45),Estate,nessuna,meal-prep,buona,ci-piace,3 porzioni,Fagiolini: 500 g | Pomodorini (o pelati): 300 g | Aglio: 1 spicchio | Basilico: qualche foglia | Olio EVO: q.b. | Sale: q.b.,https://www.misya.info/ricetta/fagiolini-al-pomodoro.htm
Piselli al prosciutto,Verdure,Veloce (20-30),Primavera,nessuna,meal-prep,buona,ci-piace,3 porzioni,Piselli (surgelati o già lessati): 400 g | Prosciutto cotto: 150 g | Cipolla: mezza | Olio EVO: q.b. | Sale: q.b. | Pepe: q.b.,
Spinaci al burro e parmigiano,Verdure,Express (≤20min),Tutto l'anno,nessuna,non-adatta,buona,ci-piace,3 porzioni,"Spinaci: 500 g | Burro: 30 g | Parmigiano grattugiato: 40 g | Aglio: 1 spicchio, facoltativo | Sale: q.b. | Pepe: q.b.",https://www.galbani.it/ricette/spinaci-burro-e-parmigiano
Bietole gratinate,Verdure,Normale (30-45),"Autunno, Inverno",nessuna,meal-prep,buona,ci-piace,3 porzioni,Bietole: 800 g | Burro: 30 g | Farina: 30 g | Latte: 300 ml | Noce moscata: q.b. | Pangrattato: q.b. | Sale: q.b. | Pepe: q.b.,
Broccoli gratinati con besciamella,Verdure,Lunga (45-90),"Autunno, Inverno",nessuna,meal-prep,buona,ci-piace,3 porzioni,Broccoli: 1 | Besciamella: 300 g | Parmigiano grattugiato: 50 g | Sale: q.b.,
Cavolfiore alla pizzaiola,Verdure,Normale (30-45),"Autunno, Inverno",nessuna,meal-prep,buona,ci-piace,3 porzioni,Cavolfiore: 1 | Passata di pomodoro: 300 g | Mozzarella: 200 g | Parmigiano grattugiato: 40 g | Origano: q.b. | Olio EVO: q.b. | Sale: q.b.,
Pomodori gratinati,Verdure,Normale (30-45),Estate,nessuna,non-adatta,buona,ci-piace,3 porzioni,Pomodori maturi: 6 | Pangrattato: 80 g | Parmigiano grattugiato: 40 g | Basilico: q.b. | Aglio: 1 spicchio | Olio EVO: q.b. | Sale: q.b. | Pepe: q.b.,
Pomodori ripieni di riso,Riso,Lunga (45-90),Estate,nessuna,meal-prep,buona,ci-piace,3 porzioni,Pomodori maturi: 6 grandi | Riso Carnaroli: 120 g | Basilico: q.b. | Aglio: 1 spicchio | Olio EVO: q.b. | Sale: q.b. | Pepe: q.b.,
Pasta alla carrettiera,Pasta,Veloce (20-30),Tutto l'anno,nessuna,non-adatta,buona,ci-piace,3 porzioni,Pasta: 210 g | Pomodori maturi (o pomodorini): 400 g | Aglio: 1-2 spicchi | Peperoncino fresco o secco: q.b. | Basilico: qualche foglia | Pecorino grattugiato (o ricotta salata): 50 g | Olio EVO: q.b. | Sale: q.b.,https://www.dissapore.com/ricette/pasta-alla-carrettiera-ricetta-originale/
Pasta con salsiccia e funghi,Pasta,Normale (30-45),Autunno,nessuna,base,buona,ci-piace,3 porzioni,"Pasta corta (penne o mezze maniche): 240 g | Salsiccia: 300 g | Funghi misti freschi: 300 g | Aglio: 1 spicchio | Vino bianco: facoltativo, mezzo bicchiere | Prezzemolo: q.b. | Parmigiano grattugiato: 40 g | Olio EVO: q.b. | Sale: q.b. | Pepe: q.b.",https://www.cookist.it/pasta-funghi-e-salsiccia/
Pasta salsiccia e broccoli,Pasta,Normale (30-45),"Autunno, Inverno",nessuna,meal-prep,buona,ci-piace,3 porzioni,Pasta corta: 250 g | Broccoli: 1 | Salsiccia: 250 g | Aglio: 1 spicchio | Peperoncino: q.b. | Olio EVO: q.b. | Parmigiano grattugiato: q.b. | Sale: q.b.,
Pasta con zucchine e speck,Pasta,Veloce (20-30),Estate,nessuna,non-adatta,buona,ci-piace,3 porzioni,Pasta: 210 g | Zucchine: 3 | Speck: 90–110 g | Scalogno piccolo: 1 | Olio EVO: q.b. | Pepe: q.b. | Parmigiano grattugiato: facoltativo,
Pasta con melanzane e ricotta salata,Pasta,Normale (30-45),Estate,nessuna,base,buona,ci-piace,3 porzioni,Pasta corta (rigatoni o penne): 240 g | Melanzane: 2 | Passata di pomodoro: 350 g | Aglio: 1 spicchio | Ricotta salata: 70 g | Basilico: q.b. | Olio per friggere: abbondante | Olio EVO: q.b. | Sale: q.b.,https://www.tavolartegusto.it/ricetta/pasta-alla-norma/
"Pasta con ricotta, spinaci e parmigiano",Pasta,Veloce (20-30),Tutto l'anno,nessuna,non-adatta,buona,ci-piace,3 porzioni,Pasta corta (fusilli o mezze maniche): 240 g | Spinaci: 300 g | Ricotta: 200 g | Aglio: 1 spicchio | Parmigiano grattugiato: 40 g | Noce moscata: facoltativa | Olio EVO: q.b. | Sale: q.b. | Pepe: q.b.,https://www.fattoincasadabenedetta.it/ricetta/pasta-ricotta-e-spinaci/
Pasta con crema di peperoni,Pasta,Normale (30-45),Estate,nessuna,meal-prep,buona,ci-piace,3 porzioni,Pasta corta: 250 g | Peperoni: 3 | Ricotta: 100 g | Latte: 50 ml | Aglio: 1 spicchio | Olio EVO: q.b. | Parmigiano grattugiato: q.b. | Sale: q.b. | Pepe: q.b.,
Pasta con peperoni e salsiccia,Pasta,Normale (30-45),Estate,nessuna,base,ottima,ci-piace,3 porzioni,Pasta: 210 g | Peperoni: 1 grande + 1 piccolo (o 2 piccoli) | Salsiccia: 200–220 g | Aglio: 1 spicchio | Vino bianco: circa 50 ml | Rosmarino: q.b. | Olio EVO: q.b. | Sale: q.b. | Pepe: q.b.,
Pasta con patate,Pasta,Normale (30-45),Tutto l'anno,nessuna,meal-prep,buona,ci-piace,3 porzioni,Pasta mista o corta: 250 g | Patate: 500 g | Guanciale o pancetta: 80 g | Sedano: 1 pezzo | Carota: 1 pezzo | Cipolla: 1 pezzo | Concentrato di pomodoro: 1 cucchiaio | Crosta di parmigiano: facoltativa | Provola a cubetti: facoltativa | Olio EVO: q.b. | Sale: q.b. | Pepe: q.b.,
Pasta e patate con provola,Pasta,Normale (30-45),"Autunno, Inverno",nessuna,meal-prep,buona,ci-piace,3 porzioni,Pasta mista o corta: 200 g | Patate: 3 medie | Carota: 1 | Sedano: 1 costa | Cipolla: 1 | Guanciale o pancetta: 80 g | Provola a cubetti: 100 g | Concentrato di pomodoro: 1 cucchiaio | Brodo vegetale o acqua: 1 l | Olio EVO: q.b. | Sale: q.b. | Pepe: q.b.,
"Pasta con fagiolini, patate e pesto",Pasta,Normale (30-45),Estate,nessuna,non-adatta,buona,ci-piace,3 porzioni,Pasta (trofie o trenette): 240 g | Patate: 2 | Fagiolini: 200 g | Basilico: 40 g | Pinoli: 20 g | Parmigiano grattugiato: 30 g | Pecorino grattugiato: 20 g | Aglio: 1/2 spicchio | Olio EVO: circa 80 ml | Sale grosso: q.b.,
"Pasta al forno bianca con besciamella, prosciutto e mozzarella",Pasta,Lunga (45-90),"Autunno, Inverno",nessuna,congelabile,buona,ci-piace,4 porzioni,Pasta corta (mezze maniche o penne): 350 g | Besciamella: circa 600 ml | Prosciutto cotto: 150 g | Mozzarella: 200 g | Parmigiano grattugiato: 60 g | Noce moscata: q.b. | Sale: q.b.,https://www.salepepe.it/ricette/primi/pasta-secca/maccheroni-o-mezze-maniche/pasta-al-forno-bianca/
Cannelloni di carne,Pasta,Lunga (45-90),Tutto l'anno,nessuna,congelabile,buona,ci-piace,4 porzioni,"Cannelloni (secchi o sfoglie di pasta fresca): 16-18 | Carne macinata mista: 400 g | Carota: 1 pezzo | Sedano: 1 pezzo | Cipolla: 1 pezzo | Passata di pomodoro: 400 g | Vino bianco: facoltativo, mezzo bicchiere | Besciamella: circa 400 ml | Parmigiano grattugiato: 60 g | Olio EVO: q.b. | Sale: q.b. | Pepe: q.b.",https://www.cucchiaio.it/ricetta/cannelloni-di-carne/
Timballo di pasta,Pasta,Lunga (45-90),Tutto l'anno,nessuna,meal-prep,buona,ci-piace,4 porzioni,Pasta corta (rigatoni o penne): 350 g | Carne macinata mista: 300 g | Passata di pomodoro: 500 g | Cipolla: 1 | Vino rosso: mezzo bicchiere | Mozzarella: 250 g | Parmigiano grattugiato: 60 g | Basilico: q.b. | Olio EVO: q.b. | Sale: q.b. | Pepe: q.b.,
Pasta gratinata con verdure e formaggio,Pasta,Lunga (45-90),Tutto l'anno,nessuna,meal-prep,buona,ci-piace,3 porzioni,Pasta corta: 280 g | Zucchine: 2 | Peperoni: 1 | Melanzane: 1 | Fontina: 150 g | Parmigiano grattugiato: 40 g | Aglio: 1 spicchio | Olio EVO: q.b. | Sale: q.b. | Pepe: q.b.,
Risotto ai funghi,Riso,Normale (30-45),Autunno,nessuna,non-adatta,meglio-fatta,ci-piace,3 porzioni,"Riso Carnaroli: 240 g | Funghi misti freschi: 300 g | Scalogno o cipolla: 1 | Brodo vegetale: circa 700 ml | Vino bianco: mezzo bicchiere, facoltativo | Burro: 30 g | Parmigiano grattugiato: 50 g | Prezzemolo: q.b. | Olio EVO: q.b. | Sale: q.b. | Pepe: q.b.",https://www.cookist.it/risotto-ai-funghi-la-ricetta/
Risotto alla milanese,Riso,Normale (30-45),Tutto l'anno,nessuna,non-adatta,meglio-fatta,ci-piace,3 porzioni,"Riso Carnaroli o Vialone Nano: 240 g | Zafferano: 1 bustina o una presa di pistilli | Cipolla: 1/2 | Brodo di carne o vegetale: circa 700 ml | Vino bianco: mezzo bicchiere, facoltativo | Burro: 50 g | Parmigiano grattugiato: 50 g | Sale: q.b.",https://ricette.giallozafferano.it/Risotto-alla-milanese.html
Risotto radicchio e taleggio,Riso,Normale (30-45),"Autunno, Inverno",nessuna,non-adatta,meglio-fatta,ci-piace,3 porzioni,"Riso Carnaroli: 240 g | Radicchio: 1 cespo | Taleggio: 150 g | Scalogno o cipolla: 1 | Brodo vegetale: circa 700 ml | Vino bianco: mezzo bicchiere, facoltativo | Olio EVO: q.b. | Sale: q.b. | Pepe: q.b.",https://www.cucchiaio.it/ricetta/risotto-radicchio-taleggio/
Risotto zucchine e speck,Riso,Normale (30-45),Estate,nessuna,non-adatta,meglio-fatta,ci-piace,3 porzioni,"Riso Carnaroli: 240 g | Zucchine: 2 | Speck: 100 g | Scalogno o cipolla: 1 | Brodo vegetale: circa 700 ml | Vino bianco: mezzo bicchiere, facoltativo | Parmigiano grattugiato: 50 g | Burro: 20 g | Olio EVO: q.b. | Sale: q.b. | Pepe: q.b.",https://www.cookaround.com/ricetta/Risotto-zucchine-e-speck.html
Risotto salsiccia e rosmarino,Riso,Normale (30-45),Tutto l'anno,nessuna,non-adatta,buona,ci-piace,3 porzioni,Riso Carnaroli: 240 g | Salsiccia: 200 g | Rosmarino: 1 rametto | Cipolla: mezza | Vino bianco: mezzo bicchiere | Burro: 30 g | Parmigiano grattugiato: 30 g | Brodo vegetale: 1 litro circa | Olio EVO: q.b.,
Gnocchi al forno con pomodoro e mozzarella,Riso,Lunga (45-90),Tutto l'anno,nessuna,meal-prep,buona,ci-piace,3 porzioni,Gnocchi di patate: 600 g | Passata di pomodoro: 300 g | Pomodori pelati: 300 g | Mozzarella: 250 g | Parmigiano grattugiato: 60 g | Aglio: 2 spicchi | Basilico: q.b. | Origano: q.b. | Olio EVO: q.b. | Sale: q.b.,
Pasta e patate,Pasta,Normale (30-45),Tutto l'anno,nessuna,non-adatta,ottima,ci-piace,3 porzioni,Pasta mista o corta: 200 g | Patate: 500 g | Carota: 1 pezzo | Sedano: 1 pezzo | Cipolla: 1 pezzo | Pomodorini o concentrato di pomodoro: 150 g o 1 cucchiaio | Croste di parmigiano (facoltative): 1-2 | Parmigiano grattugiato: per servire | Olio EVO: q.b. | Sale: q.b. | Pepe: q.b.,https://www.tavolartegusto.it/ricetta/pasta-e-patate-la-ricetta-napoletana/
"Riso al forno con mozzarella, pomodoro e carne",Riso,Lunga (45-90),Tutto l'anno,nessuna,meal-prep,buona,ci-piace,3 porzioni,Riso Carnaroli: 300 g | Carne macinata mista: 300 g | Passata di pomodoro: 500 g | Concentrato di pomodoro: 1 cucchiaio | Piselli (surgelati o già lessati): 150 g | Cipolla: 1 | Vino bianco: mezzo bicchiere | Mozzarella: 250 g | Parmigiano grattugiato: 50 g | Origano: q.b. | Olio EVO: q.b. | Sale: q.b. | Pepe: q.b.,
Riso al forno con verdure e formaggio,Riso,Lunga (45-90),Tutto l'anno,nessuna,meal-prep,buona,ci-piace,3 porzioni,Riso Carnaroli: 300 g | Zucchine: 2 | Carota: 2 | Broccoli: 1 | Fontina: 150 g | Parmigiano grattugiato: 50 g | Olio EVO: q.b. | Sale: q.b. | Pepe: q.b.,
Gnocchi alla sorrentina,Riso,Normale (30-45),Tutto l'anno,nessuna,non-adatta,buona,ci-piace,3 porzioni,Gnocchi di patate: 600 g | Passata di pomodoro: 400 g | Mozzarella: 200 g | Parmigiano grattugiato: 50 g | Aglio: 1 spicchio | Basilico: q.b. | Olio EVO: q.b. | Sale: q.b.,https://www.cucchiaio.it/ricetta/gnocchi-alla-sorrentina/
Gnocchi al ragù,Riso,Normale (30-45),Tutto l'anno,prep-anticipata,base,ottima,ci-piace,3 porzioni,"Gnocchi di patate: 600 g | Carne macinata mista: 300 g | Cipolla: 1 pezzo | Carota: 1 pezzo | Sedano: 1 pezzo | Passata di pomodoro: 400 g | Vino rosso: mezzo bicchiere, facoltativo | Parmigiano grattugiato: per servire | Olio EVO: q.b. | Sale: q.b. | Pepe: q.b.",https://www.cookist.it/gnocchi-al-ragu/
Gnocchi gorgonzola e noci,Riso,Veloce (20-30),"Autunno, Inverno",nessuna,non-adatta,meglio-fatta,ci-piace,3 porzioni,Gnocchi di patate: 500 g | Gorgonzola: 200 g | Latte: 100 ml | Noci sgusciate: 50 g | Sale: q.b. | Pepe: q.b.,
Pasta con patate e pancetta,Pasta,Normale (30-45),Tutto l'anno,nessuna,non-adatta,ottima,ci-piace,3 porzioni,Pasta mista o corta: 200 g | Patate: 500 g | Pancetta a cubetti: 100 g | Carota: 1 pezzo | Sedano: 1 pezzo | Cipolla: 1 pezzo | Concentrato di pomodoro: 1 cucchiaio | Parmigiano grattugiato: per servire | Olio EVO: q.b. | Sale: q.b. | Pepe: q.b.,https://www.tavolartegusto.it/ricetta/pasta-e-patate-la-ricetta-napoletana/
Pasta con zucca e salsiccia,Pasta,Normale (30-45),"Autunno, Inverno",nessuna,meal-prep,buona,ci-piace,3 porzioni,Pasta corta: 250 g | Zucca: 400 g | Salsiccia: 200 g | Cipolla: 1 | Vino bianco: mezzo bicchiere | Olio EVO: q.b. | Parmigiano grattugiato: q.b. | Sale: q.b. | Pepe: q.b.,
Pasta con zucca e taleggio,Pasta,Normale (30-45),"Autunno, Inverno",nessuna,non-adatta,buona,ci-piace,3 porzioni,Pasta corta: 250 g | Zucca: 400 g | Taleggio: 150 g | Scalogno o cipolla: 1 | Panna da cucina: 50 ml | Noce moscata: q.b. | Olio EVO: q.b. | Sale: q.b. | Pepe: q.b.,
Pasta con broccoli e salsiccia,Pasta,Normale (30-45),"Autunno, Inverno",nessuna,non-adatta,meglio-fatta,ci-piace,3 porzioni,"Pasta corta (orecchiette o fusilli): 240 g | Broccoli: 1 (circa 500 g) | Salsiccia: 250 g | Aglio: 1 spicchio | Vino bianco: facoltativo, mezzo bicchiere | Peperoncino: facoltativo | Parmigiano grattugiato: 40 g | Olio EVO: q.b. | Sale: q.b.",https://www.cucchiaio.it/ricetta/pasta-con-broccoli-e-salsiccia/
"Pasta con cavolfiore, acciughe e pangrattato",Pasta,Normale (30-45),"Autunno, Inverno",nessuna,non-adatta,buona,ci-piace,3 porzioni,Pasta corta: 250 g | Cavolfiore: 1 | Acciughe sott'olio: 6 filetti | Aglio: 1 spicchio | Peperoncino: q.b. | Pangrattato: 3 cucchiai | Olio EVO: q.b. | Sale: q.b.,
Pasta con ricotta e pomodoro,Pasta,Veloce (20-30),Estate,nessuna,non-adatta,buona,ci-piace,3 porzioni,Pasta corta: 220 g | Ricotta: 250 g | Passata di pomodoro: 300 g | Scalogno o cipolla: mezzo | Basilico: q.b. | Olio EVO: q.b. | Parmigiano grattugiato: q.b. | Sale: q.b.,
Pasta con crema di melanzane e mozzarella,Pasta,Normale (30-45),Estate,nessuna,non-adatta,buona,ci-piace,3 porzioni,Pasta corta: 250 g | Melanzane: 1 grande | Mozzarella: 150 g | Passata di pomodoro: 150 g | Basilico: q.b. | Aglio: 1 spicchio | Olio EVO: q.b. | Sale: q.b.,
Pasta con stracchino e zucchine,Pasta,Veloce (20-30),Estate,nessuna,non-adatta,buona,ci-piace,3 porzioni,Pasta: 210 g | Zucchine: 3 | Stracchino: 150 g | Scalogno piccolo: 1 | Olio EVO: q.b. | Sale: q.b. | Pepe: q.b. | Parmigiano grattugiato: facoltativo,https://blog.giallozafferano.it/lebistro/pasta-con-zucchine-e-stracchino/
Risotto zucca e taleggio,Riso,Normale (30-45),"Autunno, Inverno",nessuna,non-adatta,buona,ci-piace,3 porzioni,Riso Carnaroli: 240 g | Zucca: 400 g | Cipolla: 1 | Taleggio: 100 g | Parmigiano grattugiato: 40 g | Brodo vegetale: 1 l | Vino bianco: mezzo bicchiere | Burro: 20 g | Olio EVO: q.b. | Sale: q.b. | Pepe: q.b.,
Risotto pere e taleggio,Riso,Normale (30-45),"Autunno, Inverno",nessuna,non-adatta,buona,ci-piace,3 porzioni,Riso Carnaroli: 240 g | Pere: 2 | Scalogno o cipolla: 1 | Taleggio: 100 g | Parmigiano grattugiato: 30 g | Brodo vegetale: 1 l | Vino bianco: mezzo bicchiere | Burro: 30 g | Sale: q.b. | Pepe: q.b.,
Risotto salsiccia e funghi,Riso,Normale (30-45),Autunno,nessuna,non-adatta,meglio-fatta,ci-piace,3 porzioni,Riso Carnaroli: 240 g | Salsiccia: 250 g | Funghi misti freschi: 250 g | Scalogno o cipolla: 1 | Brodo vegetale: circa 700 ml | Vino bianco o rosso: mezzo bicchiere | Burro: 20 g | Parmigiano grattugiato: 50 g | Prezzemolo: q.b. | Olio EVO: q.b. | Sale: q.b. | Pepe: q.b.,https://www.cucchiaio.it/ricetta/risotto-ai-funghi-e-salsiccia/
Risotto radicchio e salsiccia,Riso,Normale (30-45),"Autunno, Inverno",nessuna,non-adatta,buona,ci-piace,3 porzioni,Riso Carnaroli: 240 g | Radicchio: 1 cespo | Salsiccia: 250 g | Cipolla: 1/2 | Vino rosso: mezzo bicchiere | Brodo vegetale: 1 l | Parmigiano grattugiato: 40 g | Burro: 20 g | Olio EVO: q.b. | Sale: q.b. | Pepe: q.b.,
Risotto ai quattro formaggi,Riso,Normale (30-45),Tutto l'anno,nessuna,non-adatta,meglio-fatta,ci-piace,3 porzioni,"Riso Carnaroli o Vialone Nano: 240 g | Brodo vegetale: circa 700 ml | Scalogno (o mezza cipolla): 1 | Burro: 30 g | Taleggio: 100 g | Gorgonzola: 60 g | Parmigiano grattugiato: 60 g | Provolone o brie: 40 g | Vino bianco: facoltativo, per sfumare | Pepe: q.b.",https://ricette.giallozafferano.it/Risotto-ai-4-formaggi.html
Polenta con ragù,Riso,Normale (30-45),"Autunno, Inverno",prep-anticipata,base,ottima,ci-piace,3 porzioni,"Farina di mais per polenta: 250 g | Acqua: circa 1 litro | Sale grosso: q.b. | Carne macinata: 300 g | Cipolla: 1 pezzo | Carota: 1 pezzo | Sedano: 1 pezzo | Passata di pomodoro: 400 g | Vino rosso: mezzo bicchiere, facoltativo | Parmigiano grattugiato: per servire | Olio EVO: q.b.",https://www.cookaround.com/ricetta/Polenta-al-ragu-di-carne.html
Polenta con salsiccia e funghi,Riso,Lunga (45-90),"Autunno, Inverno",nessuna,base,buona,ci-piace,3 porzioni,"Farina di mais per polenta: 250 g | Acqua: circa 1 litro | Sale grosso: q.b. | Salsiccia: 300 g | Funghi misti freschi: 300 g | Aglio: 1 spicchio | Vino bianco: facoltativo, mezzo bicchiere | Prezzemolo: q.b. | Olio EVO: q.b. | Sale: q.b. | Pepe: q.b.",https://www.cookist.it/risotto-funghi-e-salsiccia-ricetta/
Polenta con gorgonzola e speck,Riso,Veloce (20-30),"Autunno, Inverno",nessuna,non-adatta,buona,ci-piace,3 porzioni,Farina di mais per polenta: 250 g | Gorgonzola: 150 g | Speck: 100 g | Olio EVO: q.b. | Sale: q.b. | Pepe: q.b.,
Polenta con brasato,Riso,Progetto (>90),"Autunno, Inverno",prep-anticipata,meal-prep,buona,ci-piace,4 porzioni,Manzo per brasato (muscolo o cappello del prete): 800 g | Vino rosso corposo: circa 750 ml | Carota: 1 pezzo | Sedano: 1 pezzo | Cipolla: 1 pezzo | Alloro: 1-2 foglie | Chiodi di garofano: 2 | Farina: per infarinare | Farina di mais per polenta: 250 g | Olio EVO: q.b. | Sale: q.b. | Pepe: q.b.,
Polenta pasticciata al forno,Riso,Lunga (45-90),"Autunno, Inverno",nessuna,meal-prep,buona,ci-piace,3 porzioni,Farina di mais per polenta: 250 g | Passata di pomodoro: 300 g | Salsiccia: 200 g | Mozzarella: 150 g | Parmigiano grattugiato: 40 g | Burro: 20 g | Aglio: 1 spicchio | Olio EVO: q.b. | Sale: q.b. | Pepe: q.b.,
"Teglia di patate, salsiccia e verdure",Forno,Lunga (45-90),Tutto l'anno,nessuna,meal-prep,buona,ci-piace,3 porzioni,Patate: 4 medie | Salsiccia: 400 g | Peperoni: 1 | Zucchine: 2 | Rosmarino: q.b. | Olio EVO: q.b. | Sale: q.b. | Pepe: q.b.,
"Teglia di pollo, patate e peperoni",Forno,Lunga (45-90),"Estate, Autunno",nessuna,meal-prep,buona,ci-piace,3 porzioni,Pollo a pezzi (cosce o petto): 600 g | Patate: 4 medie | Peperoni: 2 | Cipolla: 1 | Paprika dolce: q.b. | Rosmarino: q.b. | Olio EVO: q.b. | Sale: q.b. | Pepe: q.b.,
Parmigiana di zucchine,Forno,Lunga (45-90),Estate,nessuna,congelabile,buona,ci-piace,4 porzioni,Zucchine: 1 kg | Passata di pomodoro: 400 g | Mozzarella: 250 g | Parmigiano grattugiato: 60 g | Aglio: 1 spicchio | Basilico: q.b. | Olio EVO: q.b. | Sale: q.b.,https://www.cucchiaio.it/ricetta/parmigiana-di-zucchine/
Parmigiana di patate,Forno,Lunga (45-90),"Autunno, Inverno",nessuna,meal-prep,buona,ci-piace,3 porzioni,Patate: 800 g | Passata di pomodoro: 300 g | Mozzarella o provola: 200 g | Parmigiano grattugiato: 50 g | Basilico: q.b. | Olio EVO: q.b. | Sale: q.b.,
Torta di patate e carne,Forno,Lunga (45-90),Tutto l'anno,nessuna,meal-prep,buona,ci-piace,4 porzioni,Patate: 800 g | Carne macinata mista: 300 g | Cipolla: 1 | Vino bianco: mezzo bicchiere | Uova: 1 | Parmigiano grattugiato: 50 g | Pangrattato: q.b. | Olio EVO: q.b. | Sale: q.b. | Pepe: q.b.,
Moussaka italiana di melanzane e carne,Forno,Lunga (45-90),Estate,nessuna,meal-prep,buona,ci-piace,4 porzioni,Melanzane: 2 grandi | Carne macinata mista: 400 g | Passata di pomodoro: 300 g | Cipolla: 1 | Aglio: 1 spicchio | Vino rosso: mezzo bicchiere | Cannella: un pizzico | Besciamella: 400 g | Parmigiano grattugiato: 50 g | Olio EVO: q.b. | Sale: q.b. | Pepe: q.b.,
Pasta e zucca,Pasta,Normale (30-45),"Autunno, Inverno",nessuna,non-adatta,ottima,ci-piace,3 porzioni,Pasta corta: 200 g | Zucca: 500 g di polpa | Carota: 1 pezzo | Sedano: 1 pezzo | Cipolla: 1 pezzo | Brodo vegetale o acqua: circa 800 ml | Parmigiano grattugiato: per servire | Rosmarino: facoltativo | Olio EVO: q.b. | Sale: q.b. | Pepe: q.b.,https://www.cookist.it/vellutata-di-zucca-la-ricetta/
Vellutata di zucca + crostini + formaggio,Forno,Normale (30-45),"Autunno, Inverno",nessuna,meal-prep,buona,ci-piace,3 porzioni,Zucca: 600 g | Patate: 1 | Cipolla: 1 | Brodo vegetale: 700 ml | Panna da cucina: 100 ml | Pane: 100 g | Parmigiano grattugiato: q.b. | Olio EVO: q.b. | Sale: q.b. | Pepe: q.b.,
"Zuppa di patate, porri e parmigiano",Forno,Normale (30-45),"Autunno, Inverno",nessuna,meal-prep,buona,ci-piace,3 porzioni,Patate: 4 medie | Porro o cipolla: 2 | Brodo vegetale: 1 l | Parmigiano grattugiato: 60 g | Olio EVO: q.b. | Sale: q.b. | Pepe: q.b.,
Zuppa di ceci e zucca,Legumi,Lunga (45-90),"Autunno, Inverno",ammollo,congelabile,ottima,ci-piace,3 porzioni,Zucca: 500 g di polpa | Ceci già cotti: 400 g | Cipolla: 1/2 | Brodo vegetale: circa 500 ml | Rosmarino: 1 rametto | Olio EVO: q.b. | Sale: q.b. | Pepe: q.b. | Pane per crostini: facoltativo,https://www.cookist.it/zuppa-ceci-e-zucca-ricetta/
Zuppa di lenticchie e patate,Legumi,Normale (30-45),"Autunno, Inverno",nessuna,congelabile,ottima,ci-piace,3 porzioni,Lenticchie già cotte: 400 g | Patate: 2 medie | Carota: 1 pezzo | Sedano: 1 pezzo | Cipolla: 1 pezzo | Passata di pomodoro: 150 g | Brodo vegetale o acqua: circa 700 ml | Olio EVO: q.b. | Sale: q.b. | Pepe: q.b.,https://www.cookist.it/zuppa-di-lenticchie-la-ricetta/
Minestrone ricco con legumi,Legumi,Lunga (45-90),"Autunno, Inverno",nessuna,congelabile,ottima,ci-piace,4 porzioni,"Fagioli e ceci già cotti: 300 g totali | Patate: 1-2 | Zucchine: 1-2 | Carota: 1 pezzo | Sedano: 1 pezzo | Cipolla: 1 pezzo | Bietole o altre verdure a foglia: facoltative, un mazzetto | Passata di pomodoro: facoltativa, 100 g | Acqua o brodo vegetale: circa 1,5 l | Olio EVO: q.b. | Sale: q.b. | Pepe: q.b.",https://www.fattoincasadabenedetta.it/ricetta/minestrone-ricco/
Polenta e funghi,Riso,Normale (30-45),"Autunno, Inverno",nessuna,meal-prep,buona,ci-piace,3 porzioni,Farina di mais per polenta: 250 g | Funghi misti freschi: 400 g | Scalogno piccolo: 1 | Aglio: 1 spicchio | Prezzemolo: q.b. | Vino bianco: mezzo bicchiere | Burro: 20 g | Olio EVO: q.b. | Sale: q.b. | Pepe: q.b.,
Salmone in crosta,Pesce,Lunga (45-90),Tutto l'anno,nessuna,non-adatta,meglio-fatta,ci-piace,3 porzioni,Filetti di salmone: 3 (circa 150 g l'uno) | Pangrattato: 80 g | Prezzemolo: q.b. | Timo: q.b. | Limone (scorza): 1 | Olio EVO: q.b. | Sale: q.b. | Pepe: q.b.,https://www.cucchiaio.it/ricetta/salmone-in-crosta-con-patate-al-forno/
Salmone con patate al forno,Pesce,Lunga (45-90),Tutto l'anno,nessuna,non-adatta,meglio-fatta,ci-piace,3 porzioni,Filetti di salmone: 3 (circa 150 g l'uno) | Patate: 500 g | Limone: 1 | Aglio: 1 spicchio | Rosmarino: q.b. | Olio EVO: q.b. | Sale: q.b. | Pepe: q.b.,https://www.agrodolce.it/ricette/salmone-e-patate-al-forno
"Salmone gratinato con pangrattato, prezzemolo e limone",Pesce,Normale (30-45),Tutto l'anno,nessuna,non-adatta,meglio-fatta,ci-piace,3 porzioni,Filetti di salmone: 3 (circa 150 g l'uno) | Pangrattato: 80 g | Prezzemolo: q.b. | Limone (scorza e succo): 1 | Aglio: 1 spicchio | Olio EVO: q.b. | Sale: q.b. | Pepe: q.b.,https://www.fattoincasadabenedetta.it/ricetta/merluzzo-gratinato-al-forno/
Merluzzo alla mediterranea,Pesce,Normale (30-45),Tutto l'anno,nessuna,non-adatta,meglio-fatta,ogni-tanto,3 porzioni,Filetti di merluzzo: 3 (circa 150 g l'uno) | Pomodorini: 250 g | Olive nere: 60 g | Capperi: 20 g | Aglio: 1 spicchio | Origano: q.b. | Prezzemolo: q.b. | Olio EVO: q.b. | Sale: q.b.,https://www.cookist.it/filetti-di-merluzzo-alla-mediterranea/
Merluzzo gratinato con patate,Pesce,Lunga (45-90),Tutto l'anno,nessuna,non-adatta,meglio-fatta,ci-piace,3 porzioni,Filetti di merluzzo: 3 (circa 150 g l'uno) | Patate: 500 g | Pangrattato: 80 g | Aglio: 1 spicchio | Prezzemolo: q.b. | Olio EVO: q.b. | Sale: q.b. | Pepe: q.b.,https://blog.giallozafferano.it/peperoncino88/merluzzo-gratinato-con-patate/
"Polpette di tonno, ricotta e parmigiano",Pesce,Lunga (45-90),Tutto l'anno,nessuna,base,buona,ci-piace,3 porzioni,Tonno in scatola: 250 g | Ricotta: 150 g | Uovo: 1 | Parmigiano grattugiato: 40 g | Prezzemolo: q.b. | Pangrattato: per la panatura | Olio per friggere: q.b. | Sale: q.b. | Pepe: q.b.,https://www.cucchiaio.it/ricetta/polpette-di-tonno-e-ricotta/
Gnocchi di patate fatti in casa,Riso,Lunga (45-90),Tutto l'anno,prep-anticipata,meal-prep,buona,ci-piace,4 porzioni,Patate: 1 kg | Farina 00: 300 g | Uova: 1 | Sale: q.b.,
Pasta fresca fatta in casa,Forno,Lunga (45-90),Tutto l'anno,nessuna,meal-prep,buona,ci-piace,4 porzioni,Farina 00: 400 g | Uova: 4 | Sale: q.b.,
Ravioli/tortelli fatti in casa,Forno,Progetto (>90),Tutto l'anno,prep-anticipata,meal-prep,buona,ci-piace,4 porzioni,Farina 00: 400 g | Uova: 4 | Ricotta: 250 g | Spinaci: 200 g | Parmigiano grattugiato: 60 g | Noce moscata: q.b. | Burro: 40 g | Salvia: q.b. | Sale: q.b. | Pepe: q.b.,
Pizza fatta in casa,Forno,Lunga (45-90),Tutto l'anno,impasto-lievitazione,base,buona,ci-piace,3 pizze,"Farina 00 (o mix con Manitoba): 500 g | Acqua: 320 ml | Lievito di birra fresco: 4 g (o 1,5 g secco) | Sale: 12 g | Olio EVO: 2 cucchiai | Passata di pomodoro: 400 g | Mozzarella: 300 g | Basilico: q.b. | Origano: q.b.",https://www.cookaround.com/ricetta/Impasto-per-la-pizza.html
Focaccia,Forno,Lunga (45-90),Tutto l'anno,impasto-lievitazione,base,buona,ci-piace,6 porzioni,Farina 0 (o mix con Manitoba): 500 g | Acqua: 400 ml | Lievito di birra fresco: 10 g (o 3 g secco) | Olio EVO: 90 ml | Sale: 10 g | Zucchero o miele: 1 cucchiaino | Sale grosso: q.b.,https://www.accademianazionalepizzadoc.it/focaccia-genovese-ricetta-fugassa-ligure-originale/
Arancini,Forno,Lunga (45-90),Tutto l'anno,prep-anticipata,meal-prep,buona,ci-piace,4 porzioni,Riso Carnaroli: 400 g | Zafferano: 1 bustina | Carne macinata mista: 200 g | Passata di pomodoro: 200 g | Piselli (surgelati o già lessati): 100 g | Cipolla: 1 | Vino bianco: mezzo bicchiere | Mozzarella: 150 g | Parmigiano grattugiato: 60 g | Farina: q.b. | Uova: 2 | Pangrattato: q.b. | Olio per friggere: q.b. | Olio EVO: q.b. | Sale: q.b. | Pepe: q.b.,
Olive all'ascolana,Forno,Lunga (45-90),Tutto l'anno,nessuna,meal-prep,buona,ci-piace,4 porzioni,Olive verdi: 400 g | Carne macinata mista: 200 g | Carota: 1 | Sedano: 1 costa | Cipolla: 1 | Vino bianco: mezzo bicchiere | Uova: 2 | Parmigiano grattugiato: 40 g | Noce moscata: q.b. | Farina: q.b. | Pangrattato: q.b. | Olio per friggere: q.b. | Olio EVO: q.b. | Sale: q.b. | Pepe: q.b.,
Pollo fritto,Forno,Normale (30-45),Tutto l'anno,marinatura,non-adatta,meglio-fatta,ci-piace,3 porzioni,Petto di pollo o cosce disossate: 500 g | Latticello (o yogurt bianco diluito con poco latte): 200 ml | Farina: 150 g | Paprika dolce: 1 cucchiaino | Aglio in polvere: 1 cucchiaino | Sale: q.b. | Pepe: q.b. | Olio di semi per friggere: abbondante,https://www.cucchiaio.it/ricetta/pollo-fritto/
Verdure in pastella,Forno,Normale (30-45),Tutto l'anno,nessuna,non-adatta,meglio-fatta,ci-piace,3 porzioni,Zucchine: 2 | Carota: 1 | Peperoni: 1 | Farina 00: 150 g | Acqua frizzante: 200 ml | Olio per friggere: q.b. | Sale: q.b.,
Pasta alla Norma,Pasta,Normale (30-45),Tutto l'anno,nessuna,base,ottima,ci-piace,3 porzioni,Pasta: 210 g | Melanzane: 1 (circa 350–400 g) | Passata di pomodoro: 350 g | Aglio: 1 spicchio | Ricotta salata: 60–70 g | Basilico: q.b. | Olio EVO: q.b. | Olio per friggere: q.b. | Sale: q.b.,
Prosciutto e melone,Carne,Express (≤20min),Estate,nessuna,non-adatta,meglio-fatta,ci-piace,3 porzioni,Melone maturo: 1 | Prosciutto crudo a fette: 150–180 g | Pepe: facoltativo,https://www.cookist.it/prosciutto-e-melone-ricetta/
Spiedini con patate,Forno,Lunga (45-90),Tutto l'anno,nessuna,non-adatta,buona,ci-piace,3 porzioni,"Petto di pollo o lonza di maiale a cubetti: 400 g | Salsiccia: 200 g | Pancetta a cubetti: facoltativa, 100 g | Spiedini già pronti (dal freezer): facoltativi, in alternativa alla carne cruda se già assemblati in anticipo | Patate: 500 g | Peperoni: 1 | Rosmarino: qualche rametto | Salvia: qualche foglia | Aglio: 1 spicchio | Olio EVO: q.b. | Sale: q.b. | Pepe: q.b.",https://blog.giallozafferano.it/cucinoperpassione/ricetta-spiedini-al-forno-con-patate/
Finocchi,Verdure,Express (≤20min),"Autunno, Inverno",nessuna,non-adatta,buona,ci-piace,3 porzioni,Finocchi: 2 | Olio EVO: q.b. | Limone: mezzo (succo) | Sale: q.b. | Pepe: q.b.,